Workbook

Sheet Assumptions
A1: agentd Cost Simulation — Assumptions
A3: Usage Scenario | B3: Value | C3: Notes
A4: Sessions per day | B4: 10 | C4: Agent tasks triggered per day
A5: Avg session duration (minutes) | B5: 5 | C5: Time the agent actively runs per task
A6: Avg session memory (GiB) | B6: 2 | C6: RAM needed (Claude Code needs ~2GB)
A7: Avg session vCPUs | B7: 1 | C7: CPU cores during active session
A8: Days per month | B8: 30
A9: Persistent volume (GB) | B9: 1 | C9: For agent session state (GCS FUSE / Fly volume)
A10: Egress per session (MB) | B10: 5 | C10: Network out per session (API calls, output)
A12: Derived
A13: Total sessions/month | B13: =B4*B8 -> 300
A14: Total active minutes/month | B14: =B13*B5 -> 1500
A15: Total active seconds/month | B15: =B14*60 -> 90000
A16: Total vCPU-seconds/month | B16: =B15*B7 -> 90000
A17: Total GiB-seconds/month | B17: =B15*B6 -> 180000
A18: Total egress (GB)/month | B18: =B13*B10/1000 -> 1.5

Sheet Platform Pricing
A1: Platform Pricing Comparison (per-unit rates)
A3: Resource | B3: Fly.io | C3: Cloud Run | D3: CF Containers | E3: Notes
A4: vCPU per second | B4: 2.28e-05 | C4: 1.8e-05 | D4: 2e-05 | E4: Fly: shared-cpu-1x 1GB | CR: instance-based | CF: per vCPU-sec
A5: Memory per GiB-second | B5: N/A | C5: 2e-06 | D5: 2.5e-06 | E5: Fly: bundled in preset | CR & CF: separate charge
A6: Volume storage ($/GB/month) | B6: 0.15 | C6: 0.026 | D6: 7e-08 | E6: Fly: volumes | CR: GCS bucket ~$0.026/GB | CF: per GB-sec
A7: Egress NA+EU ($/GB) | B7: 0.02 | C7: 0.12 | D7: 0.025 | E7: CR: standard internet egress | CF: 1TB included
A8: Min monthly platform cost | B8: 0 | C8: 0 | D8: 5 | E8: CF requires $5/mo Workers Paid plan
A9: Free tier vCPU-seconds | B9: 0 | C9: 240000 | D9: 0 | E9: CR: 240k vCPU-sec free/month (us-central1)
A10: Free tier GiB-seconds | B10: 0 | C10: 450000 | D10: 0 | E10: CR: 450k GiB-sec free/month
A11: Free tier included (GiB-hours) | B11: 0 | C11: 0 | D11: 25 | E11: CF: 25 GiB-hours = 90000 GiB-seconds included
A12: Free tier included (vCPU-min) | B12: 0 | C12: 0 | D12: 375 | E12: CF: 375 vCPU-min = 22500 vCPU-sec included
A13: Stopped machine cost ($/GB rootfs/mo) | B13: 0.15 | C13: 0 | D13: 0 | E13: Fly charges for rootfs of stopped machines

Sheet Cost Simulation
A1: agentd Monthly Cost Simulation
A2: Based on assumptions in 'Assumptions' sheet
A4: Cost Component | B4: Fly.io | C4: Cloud Run | D4: CF Containers | E4: Managed Agents
A5: Compute (vCPU) | B5: =Assumptions!B16*'Platform Pricing'!B4 -> 2.052 | C5: =MAX(0,(Assumptions!B16-'Platform Pricing'!C9))*'Platform Pricing'!C4 -> 0 | D5: =MAX(0,(Assumptions!B16-'Platform Pricing'!D12*60))*'Platform Pricing'!D4 -> 1.35
A6: Memory (GiB) | B6: 0 | C6: =MAX(0,(Assumptions!B17-'Platform Pricing'!C10))*'Platform Pricing'!C5 -> 0 | D6: =MAX(0,(Assumptions!B17-'Platform Pricing'!D11*3600))*'Platform Pricing'!D5 -> 0.225
A7: Persistent volume/storage | B7: =Assumptions!B9*'Platform Pricing'!B6 -> 0.15 | C7: =Assumptions!B9*'Platform Pricing'!C6 -> 0.026 | D7: 0
A8: Network egress | B8: =Assumptions!B18*'Platform Pricing'!B7 -> 0.03 | C8: =Assumptions!B18*'Platform Pricing'!C7 -> 0.18 | D8: =MAX(0,Assumptions!B18-1000)*'Platform Pricing'!D7 -> 0
A9: Platform base fee | B9: 0 | C9: 0 | D9: 5
A10: Stopped machine rootfs (~2GB image) | B10: =2*'Platform Pricing'!B13 -> 0.3 | C10: 0 | D10: 0
A11: Claude Managed Agents fee | E11: =Assumptions!B14/60*0.08 -> 2
A13: TOTAL MONTHLY COST | B13: =SUM(B5:B10) -> 2.532 | C13: =SUM(C5:C10) -> 0.206 | D13: =SUM(D5:D10) -> 6.575 | E13: =E11 -> 2
A14: (excludes LLM API token costs — same across all platforms)

Sheet Scenarios
A1: Cost by Usage Scenario (monthly)
A3: Scenario | B3: Sessions/day | C3: Avg min/session | D3: Fly.io | E3: Cloud Run | F3: CF Containers | G3: Managed Agents
A4: Light (hobby) | B4: 3 | C4: 3 | D4: 0.82 | E4: 0.03 | F4: 5 | G4: 0.36
A5: Moderate (solo dev) | B5: 10 | C5: 5 | D5: 2.5 | E5: 0.03 | F5: 6.58 | G5: 2
A6: Active (small team) | B6: 30 | C6: 5 | D6: 6.61 | E6: 0.75 | F6: 11.07 | G6: 6
A7: Heavy (team) | B7: 50 | C7: 8 | D7: 16.87 | E7: 10.65 | F7: 22.33 | G7: 16
A8: Intense (org) | B8: 100 | C8: 10 | D8: 41.49 | E8: 34.41 | F8: 49.33 | G8: 40
A10: Notes:
A11: • All scenarios assume 1 vCPU, 2 GiB RAM, 1GB persistent volume
A12: • Fly.io uses shared-cpu-1x with 1GB preset ($0.0000228/sec)
A13: • Cloud Run free tier: 240k vCPU-sec + 450k GiB-sec/month
A14: • CF Containers requires $5/mo Workers Paid plan
A15: • Managed Agents: $0.08/session-hour + API tokens (not shown)
A16: • LLM API token costs are the same regardless of platform
A17: • Egress costs excluded (minimal for agent workloads)
